IDs,ECFCs_Crit_C1,ECFCs_Crit_C2,ECFCs_Crit_C3,ECFCs_Crit_C4,ECFCs_Crit_C5,ECFCs_Crit_C6,ECFCs_Crit_C7,ECFCs_Crit_C8,ECFCs_PCR+_066,ECFCs_PCR+_081,ECFCs_PCR+_090,ECFCs_PCR+_111,ECFCs_PCR+_163,ECFCs_PCR+_169,ECFCs_PCR+_195,ECFCs_PCR+_299,ECFCs_Neg_001,ECFCs_Neg_013,ECFCs_Neg_0012,ECFCs_Neg_004,ECFCs_Neg_005,ECFCs_Neg_006,ECFCs_Neg_007,ECFCs_Neg_008
A7E2V4,24.3829,14.8579,39.0519,28.7468,13.926,25.5665,43.3289,17.6804,18.8075,34.6883,31.5708,40.528,39.1417,28.6058,14.0572,22.3306,3.41176,,,8.55604,,4.44996,,7.07683
O00154,203.59,139.501,197.501,195.198,152.493,178.86,186.769,206.948,149.539,174.68,157.481,156.667,148.1,144.878,163.124,144.948,108.416,99.5215,111.324,115.155,102.809,94.8093,85.1425,103.825
O00178,90.4931,49.8845,38.4269,37.775,36.4642,43.0795,43.1426,38.5654,47.8398,51.8678,42.0255,35.6115,38.3447,30.6908,41.8738,28.6458,28.9381,24.7256,24.4936,24.1348,31.2217,22.5407,30.6152,17.8626
O00268,39.889,14.1767,36.0253,25.0305,27.8178,25.1466,31.5428,13.6685,26.0478,41.7767,25.168,23.0453,29.4664,17.8876,5.386,17.0379,3.50132,5.38941,,10.5815,,7.38767,,5.12848
O00487,130.654,116.192,102.654,111.026,118.662,84.1702,113.031,130.539,124.61,127,110.214,102.972,115.307,102.027,122.138,114.11,98.8434,103.293,89.405,104.448,81.2205,103.434,98.5671,96.7017
O15260,68.6129,101.547,62.8815,66.7538,44.0467,62.567,46.4619,47.569,74.2868,95.4037,45.8717,46.5817,48.0148,64.1316,54.1309,33.8231,24.0568,45.4717,12.5554,28.0159,32.1422,15.3973,16.2637,6.7988
O15372,165.067,172.474,188.7,172.968,175.501,181.925,172.211,189.736,119.514,137.572,124.329,128.251,123.99,127.095,121.105,123.535,118.264,106.147,97.0327,120.413,104.721,105.944,111.917,88.2101
O15484,179.142,227.376,79.8487,70.1856,181.532,,50.4828,91.5099,161.404,78.452,50.5683,80.2221,98.8358,69.0183,150.121,118.138,209.231,405.604,289.73,179.143,296.394,297.461,245.07,195.015
O60499,18.4862,17.7029,24.5353,44.3933,,26.3911,24.8563,43.4056,43.2216,42.3605,40.0987,31.4475,31.2333,41.6497,37.672,30.6993,63.1532,199.215,180.392,57.3873,153.88,95.006,104.958,74.9951
O60739,44.4311,36.2508,55.6641,39.9984,44.9775,47.9723,55.3359,79.177,28,39.6351,39.7114,34.6007,37.3411,38.7344,35.591,31.257,25.5193,18.8015,15.156,20.683,13.6606,20.9447,18.8439,13.2738
O60927,208.523,268.83,354.05,345.859,283.995,365.804,417.473,458.823,307.06,317.357,288.451,210.293,257.36,256.157,307.951,248.791,201.524,24.9857,51.2746,150.852,28.7418,124.119,87.8488,56.4007
O75643,79.8448,80.5156,83.3956,84.7032,72.4303,83.3428,82.8293,81.919,97.7541,102.249,97.0983,98.5223,96.9696,104.158,108.269,89.5736,90.1516,91.6911,80.5175,91.6004,85.2963,89.0733,84.6384,78.1121
O75808,,34.1603,38.8961,36.7465,,65.8438,64.1928,51.7291,36.7185,36.9905,52.1325,56.8766,52.6217,49.6452,19.4371,35.2264,10.1501,,,27.0781,,7.46466,,5.24849
O75818,16.3903,35.0788,40.9711,52.5982,25.7692,22.6753,54.7582,64.3896,48.3747,56.0598,14.2314,38.6328,22.2542,29.3728,43.2007,39.0345,48.6637,90.9075,106.277,45.4423,125.784,83.7062,63.7239,56.7989
O75935,157.629,128.875,177.843,154.715,105.956,140.074,126.55,147.942,94.8172,146.417,80.4328,67.1296,84.8744,61.8495,101.629,53.3533,59.7343,31.6158,43.0559,40.8793,42.258,54.5806,57.7021,34.8227
O94826,60.4095,46.006,49.5433,41.8708,74.2421,45.3491,43.329,40.9585,76.5025,90.306,86.5815,80.0487,85.0356,92.3534,95.2281,80.0312,78.7649,77.1574,59.0449,70.174,64.6235,76.9835,69.1582,65.2524
O95149,39.4945,25.1644,68.7322,69.9044,17.6012,84.5821,73.7906,81.9549,46.7658,51.4468,58.5604,35.3506,43.9551,61.0137,31.0212,44.1864,23.7177,9.88181,2.67877,23.7061,,10.9234,10.448,12.3276
O95379,80.3088,43.7335,32.9359,34.5502,45.0449,46.106,46.5053,8.90846,26.3165,48.3545,38.6179,51.4723,67.109,72.2605,46.1054,56.9835,,17.8057,,10.474,2.62714,,,
O95926,62.755,16.7593,100.927,98.3869,54.0344,63.0323,98.9718,124.979,24.8359,35.5239,87.15,88.7885,92.6992,64.2096,67.7107,29.072,,17.1503,15.2523,13.4413,,6.17028,23.5191,
P00352,69.1517,105.783,141.164,167.345,126.802,128.695,135.5,114.579,33.7354,22.6027,29.8788,29.616,31.5504,22.8363,34.7725,38.6317,48.4547,116.09,116.732,74.7272,95.2334,80.6492,47.0378,82.9639
P03886,40.2279,37.0348,60.6841,94.3954,25.5488,47.2696,59.6979,43.9531,339.265,344.897,260.301,281.16,268.315,275.339,234.537,338.499,417.947,775.116,619.944,436.745,545.734,500.798,550.227,388.286
P05455,126.063,118.808,116.647,121.58,114.499,102.966,113.213,128.845,108.772,114.788,114.668,114.507,113.869,117.784,123.736,105.857,100.721,92.5112,91.6077,90.1117,104.463,83.4223,93.5558,97.687
P07311,223.288,225.825,349.101,228.892,224.06,256.948,273.133,378.632,101.11,115.222,99.5055,102.623,94.6556,85.6846,81.5741,80.196,31.8649,100.38,33.9518,44.7637,20.7756,30.0269,83.0325,21.8354
P07919,589.58,518.674,441.893,425.659,567.859,454.784,332.481,339.576,187.553,185.724,181.096,197.006,185.369,179.696,196.685,183.79,200.135,213.058,250.703,221.639,256.454,199.901,242.81,268.094
P10720,221.204,246.578,299.03,547.786,213.453,236.968,496.492,348.442,58.6982,60.4767,45.4718,57.842,51.0741,44.7284,53.6665,47.4317,34.802,38.3929,29.6622,47.4209,39.9055,46.3457,30.8171,34.4365
P13473,145.321,220.107,211.442,139.873,96.1375,97.6725,83.1961,139.058,73.6743,85.5695,67.4815,102.053,73.8621,80.6675,108.192,63.1751,20.8568,,5.50418,32.6216,33.2208,12.9747,25.8217,35.2375
P16885,,127.366,101.215,102.712,100.311,111.42,130.649,101.724,77.741,76.0968,49.7155,47.3438,63.4441,59.4261,55.8918,56.6552,45.5801,26.7395,26.914,45.082,40.8024,44.8963,35.2736,29.2536
P18084,4.25158,10.1686,21.0954,30.5035,44.9486,18.8378,18.7518,23.9556,10.8313,25.3397,15.3225,12.4329,8.33182,16.4881,11.9475,8.61115,10.3944,,1.90758,5.84341,,7.1062,2.85999,2.86085
P20020,49.2163,55.8086,25.2391,22.64,70.4477,40.3148,28.0069,28.2132,71.1506,43.494,40.5463,38.9818,36.4443,43.4355,50.666,46.9476,78.7269,68.2896,60.8194,82.0777,74.4011,74.9167,76.4424,66.0646
P25325,175.099,133.179,144.197,141.467,143.153,137.034,133.55,138.188,177.87,152.848,168.701,164.698,150.616,176.461,151.352,159.872,186.722,211.034,205.359,181.602,237.859,191.83,173.465,206.81
P26885,102.96,64.4327,82.1405,52.796,85.8547,62.0796,68.0857,69.0604,58.5589,83.2727,58.1621,69.9621,50.7931,31.1757,74.2882,30.3693,31.473,,10.1695,24.4358,15.0024,34.3414,33.8143,20.5077
P29084,89.838,12.7441,27.6276,91.1014,85.4346,103.187,94.3871,65.9444,56.219,62.353,57.9276,48.2177,51.954,56.9039,55.716,43.3555,43.4725,,,28.4492,26.9037,33.1031,18.1438,23.0435
P32969,205.842,240.016,200.013,191.294,199.611,191.227,204.296,170.107,263.508,273.069,196.058,180.796,185.196,211.124,202.181,184.306,137.003,113.638,113.434,142.389,158.961,139.556,115.367,151.946
P33121,62.4925,44.8266,25.4381,19.2137,35.9289,32.6404,25.4538,24.9554,45.2421,35.7169,21.5038,18.8489,19.7897,28.9345,64.2302,38.4743,69.175,73.9676,61.2983,51.4765,84.988,64.4053,103.088,59.3762
P40227,111.436,98.9345,127.223,116.778,130.92,126.545,114.896,125.012,100.066,126.284,118.63,112.361,109.664,112.297,120.567,96.5749,96.7444,78.8647,85.257,84.1089,92.9309,96.1366,94.9921,87.8236
P42785,131.88,146.019,173.717,169.642,131.947,145.002,137.606,147.846,94.0353,111.426,112.849,115.214,112.894,119.603,118.847,110.083,72.1937,93.169,80.5334,104.917,56.7358,60.7184,75.4458,92.4034
P43243,185.04,176.135,182.941,181.762,176.205,176.433,168.786,157.751,139.615,141.725,139.069,141.629,136.978,144.216,133.197,135.816,151.18,145.724,148.009,149.709,138.902,149.322,145.713,142.945
P46926,179.911,150.441,176.349,130.965,193.114,143.222,144.264,142.937,122.659,137.697,118.544,119.73,115.326,110.881,125.361,108.239,101.471,82.9604,83.6438,110.774,69.5872,102.734,92.1521,78.7287
P49711,17.0476,7.2516,108.041,35.2438,27.645,51.2626,65.8424,54.5891,15.9321,25.3382,19.4019,12.5831,17.5845,13.8588,17.8777,6.73146,3.71578,9.7163,2.51196,5.20174,,2.97457,4.39929,
P51452,122.435,153.156,165.917,171.764,326.367,142.526,173.155,157.045,99.35,104.879,111.899,80.7662,107.361,87.9752,81.741,93.1009,110.379,113.221,122.102,103.827,128.228,110.88,114.608,127.997
P52434,122.615,104.846,167.572,159.722,102.743,131.793,146.395,189.72,74.2472,103.628,123.714,135.44,127.825,121.096,72.2797,86.9536,43.1637,64.0781,40.5254,66.7716,60.7894,56.2265,49.6624,77.6208
P52565,492.574,511.25,494.121,489.532,476.273,518.199,557.534,545.312,450,487.927,457.511,438.475,457.689,435.889,458.863,449.231,388.11,350.7,283.34,316.686,325.77,375.805,385.109,363.368
P53602,63.1991,45.7402,35.0552,37.2902,48.9253,54.6889,46.0693,40.4403,52.17,48.3772,44.0625,45.0468,49.0473,55.1043,36.3688,61.688,69.5024,79.439,84.2295,66.9446,66.1306,56.1238,53.4354,58.0751
P54652,656.746,489.267,418.216,318.847,531.352,408.683,306.956,292.598,383.847,448.036,273.787,297.524,270.617,326.663,432.768,336.63,259.285,120.547,147.092,249.364,186.993,245.205,197.095,189.281
P57081,71.052,55.6563,149.944,154.479,50.3447,158.16,132.425,136.846,127.434,191.896,131.514,132.766,105.128,170.851,69.5654,99.278,82.0576,27.9739,39.4391,104.992,32.8651,80.8037,53.7597,57.3507
P57764,41.1603,46.0579,56.3432,45.5207,74.5545,58.2391,62.0357,52.8722,83.3073,92.9573,56.4523,51.2179,57.749,62.8089,81.6412,53.4245,47.0659,43.9669,40.3945,40.0447,36.4056,45.884,63.9396,31.9735
P60059,1644.52,1937.34,1234.26,1284.72,1391.77,1368.34,1087.02,1182.6,2248.22,1759.83,635.791,939.488,1001.44,612.367,3139.15,1490.84,3527.36,4796.98,5186.62,2022.06,3792.16,4593.34,6400.68,2950.53
P62244,170.122,124.394,155.878,155.657,140.275,135.185,131.7,161.231,113.289,157.266,126.49,124.345,118.493,136.897,150.494,123.944,101.487,88.7326,96.954,116.093,107.365,113.96,111.743,97.6541
Q01968,115.242,107.192,63.7071,68.2641,121.778,99.9441,76.6992,89.2951,120.551,117.7,68.7785,74.9507,69.2182,77.2985,74.4616,88.1441,131.394,133.084,142.275,95.4996,204.248,135.396,135.088,94.5913
Q04323,79.1199,126.533,153.362,151.059,120.209,138.525,158.863,133.586,113.845,165.145,156.079,116.951,156.435,139.091,90.1726,108.441,49.3669,52.0049,44.1365,98.9937,67.3707,37.6993,34.6918,106.848
Q06136,,,49.4261,46.4523,,45.8905,61.2264,39.4804,126.862,117.489,79.8153,78.182,112.504,102.533,109.489,110.001,81.354,65.2955,80.9175,59.39,74.2359,81.7993,72.8161,75.6781
Q06787,43.4882,63.1173,67.4204,68.4026,39.3706,66.5738,71.3833,62.5669,53.0124,47.7944,63.4962,60.2604,55.0021,48.6461,57.868,42.4849,45.2908,16.5537,37.1891,32.5962,30.408,26.2525,30.6934,14.4075
Q08AG7,151.564,156.627,239.055,240.589,215.894,216.857,236.007,209.442,155.024,190.137,181.956,192.533,186.262,172.08,175.341,184.97,76.1596,74.5759,53.8823,119.59,58.1977,103.081,95.9652,87.2069
Q10570,77.2,71.3923,92.6203,74.7676,60.2706,81.9043,76.4367,89.3675,58.2017,71.4688,77.6466,78.6031,79.3672,80.2509,73.1496,79.8898,55.6038,66.2526,59.2198,74.6895,56.5161,62.2873,55.4723,60.765
Q13164,,,37.321,47.5648,,40.534,32.6047,15.9012,,24.7557,37.5031,40.5118,38.914,32.1424,,,14.2855,,,16.2003,,,12.9752,12.3815
Q13432,30.0012,28.8842,60.5061,54.8008,40.5271,66.2406,57.8246,65.6694,52.3941,55.9245,54.6788,50.5333,60.6258,52.951,43.1368,51.381,47.4366,26.0619,17.1949,40.586,25.7794,20.6455,24.5691,27.5738
Q13889,32.5973,98.3361,145.561,13.474,24.6856,66.028,70.065,88.9554,19.4807,37.4023,40.9097,41.5706,43.0966,42.9736,32.0545,31.9601,5.41177,16.7364,,14.1591,,4.5426,10.5945,
Q14728,90.6766,201.469,157.421,217.5,91.5562,156.065,164.165,231.584,292.271,294.082,206.277,259.725,187.19,242.612,181.751,183.347,303.595,636.547,739.629,261.72,507.919,462.089,626.1,382.939
Q14790,48.4058,79.6007,45.8763,38.8248,89.5768,50.0765,42.146,28.0304,24.9867,26.5095,23.9543,20.0189,28.7655,22.9218,19.3084,26.1315,30.319,28.6459,37.5308,39.1785,32.6276,26.1511,33.0005,45.3827
Q14CN4,200.24,369.713,580.027,492.473,265.075,453.18,454.683,299.49,333.789,441.94,361.13,279.356,184.143,257.104,224.24,232.449,209.522,129.899,106.812,152.659,113.909,164.969,39.3196,154.352
Q15717,220.427,212.032,191.67,213.682,213.918,202.413,223.215,196.91,164.996,164.49,179.847,171.298,170.81,172.054,170.514,162.974,189.122,205.545,180.181,191.492,188.867,190.104,173.177,191.353
Q16270,129.77,117.949,135.391,132.634,141.065,131.439,113.736,116.113,87.5598,78.292,76.3564,78.7261,80.5173,88.5483,85.0478,88.6372,71.7684,71.1692,73.4301,75.8996,76.7144,72.6844,67.7805,65.8038
Q1KMD3,312.568,339.067,277.533,266.553,290.598,300.353,263.136,284.074,266.518,241.081,238.438,236.444,247.864,235.416,238.403,245.796,215.61,226.13,221.452,226.31,186.102,207.037,190.142,211.753
Q2TAY7,159.589,146.903,133.043,140.175,156.001,149.758,141.155,139.365,131.164,120.517,112.682,119.104,121.267,131.313,150.227,119.697,115.002,96.8201,91.4158,110.564,101.399,104.581,99.4555,96.3369
Q32P41,56.5338,27.684,56.7468,42.7904,55.1815,50.3141,44.8815,27.6176,23.9756,58.6462,68.0309,80.6866,76.6183,58.5191,39.7943,48.6,4.54834,33.9183,,10.7736,,,5.35995,
Q3MHD2,134.933,197.98,285.547,283.729,210.504,241.101,233.487,285.76,166.412,155.301,164.643,159.649,183.32,152.653,200.007,172.4,99.342,50.5989,73.7589,119.029,131.697,91.9043,77.8608,92.7759
Q53GS9,84.9247,82.4222,105.978,85.7568,75.2114,103.783,115.942,91.8494,120.31,104.633,97.3867,97.7967,105.052,106.759,79.077,106.516,140.805,149.79,165.584,120.787,138.129,147.652,131.801,108.792
Q5K4L6,11.7593,19.2342,24.391,26.8739,,18.8585,22.5609,15.7281,49.8192,52.3758,57.6853,55.6447,53.6683,43.4978,53.2806,46.2131,35.723,40.3244,29.8991,50.1207,26.9676,33.6863,27.3122,39.5199
Q643R3,,,,29.4341,26.7048,,,,41.7637,34.3808,18.0087,16.0905,14.2412,15.4027,27.0077,33.3046,78.826,186.671,66.2963,68.6457,58.0588,57.0643,47.7526,54.3513
Q6ICB0,9.82341,46.9202,20.741,25.7577,19.8865,24.9841,23.9441,17.3438,27.4798,26.62,15.795,13.0806,20.0374,15.4555,20.014,25.7714,6.15741,,5.87223,6.42952,3.76307,2.07568,,
Q6P4F2,48.4834,63.2668,42.5445,48.1719,,28.9115,14.9133,24.3324,50.3697,28.7959,30.4241,34.7182,33.0147,35.6436,29.9948,39.5127,61.2972,113.355,110.528,54.3941,64.3741,63.0914,59.6879,96.3996
Q6YP21,106.243,125.606,62.7102,66.6352,61.3299,88.2415,75.8059,63.858,96.291,69.8567,72.0379,59.9802,72.2563,53.4586,87.2037,68.3448,82.9881,167.594,130.825,96.8346,128.397,88.7086,91.6819,130.908
Q6ZRP7,68.6873,69.733,55.8167,46.4001,,,41.6507,40.2734,143.47,141.448,66.4886,44.6557,53.2143,52.872,115.994,68.0596,57.0276,28.5186,,28.9765,,33.3078,33.9123,16.1733
Q6ZVK8,43.9879,71.8178,,,67.4268,,8.83772,7.03231,17.0452,8.49859,,,5.515,3.41191,26.6247,20.8115,56.1731,185.701,111.855,56.4312,110.583,69.3754,62.3854,114.262
Q75T13,38718,42163.9,28672.3,24524.2,46864,40872.5,34372,22189.1,3732.11,3392.44,5889.31,7495.7,6814.04,7922.3,4523.11,7986.55,3034.25,4448.49,3222.14,2582.88,3517.17,3633.09,2785.04,2523.46
Q8IWF6,37.2948,9.22353,52.8368,61.6519,,70.678,67.5469,45.9926,50.4761,55.9856,55.8066,55.2263,75.4014,63,73.0917,44.415,3.49593,,,6.63436,,4.25326,,6.13047
Q8N5M1,19.8938,24.728,42.7628,27.4486,,,24.8988,47.5429,34.6254,55.432,28.0729,19.2538,30.4769,16.6162,54.0042,14.7992,6.65247,16.3352,,,,5.60187,5.45536,
Q8N7R7,,83.8129,29.1716,39.2978,61.1812,25.7226,19.7516,28.8249,66.6306,70.6428,72.5893,73.0448,50.8274,58.2748,80.3876,63.0419,91.7074,128.918,150.243,111.503,136.292,91.2141,121.552,119.73
Q8ND76,168.372,200.003,167.81,190.391,114.8,139.051,155.903,190.895,281.158,338.103,325.32,354.566,323.104,358.007,340.986,398.729,383.056,457.935,418.728,444.294,573.715,372.573,457.578,465.197
Q8NHW5,,70.789,32.7809,35.9096,10.5459,67.8813,22.7412,25.5977,42.5243,49.4962,7.15907,10.1806,19.5609,33.0483,41.0985,28.8705,65.6559,105.276,188.241,36.7533,129.603,115.512,166.109,91.7725
Q8TC07,97.5477,132.561,112.484,127.336,84.184,109.753,113.123,116.928,149.401,145.564,133.607,125.144,128.907,123.641,131.112,128.334,161.079,147.876,148.923,134.037,163.478,165.481,147.076,152.711
Q8WU79,38.7298,,10.028,11.6799,20.9527,12.0827,2.69239,8.82146,13.0463,11.2214,4.72332,7.97773,7.10912,7.6489,,24.9319,30.5536,88.741,61.9691,37.3437,42.7905,31.0638,37.1782,30.4599
Q8WUZ0,,72.0012,71.4679,66.9959,98.0717,90.6531,77.4335,97.1331,68.4661,62.6882,66.4022,56.5395,29.2933,54.2678,61.882,74.831,53.1414,24.8451,25.7937,50.7467,31.1773,36.7767,24.75,25.7375
Q8WVP5,70.5718,57.3494,54.2567,43.8428,106.881,54.3858,50.3336,56.0425,67.3707,92.4121,60.3585,44.709,73.0031,73.7112,111.665,86.3002,20.7834,34.3205,,28.2745,,14.1825,33.3873,14.7724
Q92889,54.0876,65.6912,95.1276,85.9031,,65.3744,102.961,118.501,70.8724,93.8353,118.874,112.214,97.0111,91.3442,99.5348,63.4527,32.257,,,50.2428,,34.4355,,11.8634
Q96AB6,175.821,112.751,130.499,129.411,177.708,122.126,126.196,148.126,81.6128,93.7968,116.302,142.401,134.274,141.769,148.297,130.832,95.4558,76.151,85.841,109.436,84.5196,80.302,64.2818,77.0196
Q96B23,78.1788,66.9101,69.5433,81.8989,78.649,87.8311,71.696,48.6746,77.3379,82.6289,56.6346,82.2606,83.2954,57.9899,59.1894,62.6086,35.4154,35.0828,40.6112,49.8172,,38.2107,31.4467,45.0247
Q96CN7,87.7065,63.3457,64.1872,73.9863,98.3505,77.3771,64.1193,73.3136,51.3941,55.6964,63.2169,72.1301,69.604,69.5336,88.22,60.093,57.2815,50.9184,48.6234,49.4462,41.4441,46.7361,55.4434,51.9582
Q96FK6,130.415,,205.998,116.183,,215.753,165.621,186.802,86.1975,125.712,136.519,145.011,167.409,123.76,97.6034,144.667,90.1267,83.6472,60.9809,84.1678,60.7588,53.9719,92.0541,69.9649
Q96LD8,37.9391,23.1952,82.9574,68.5102,,46.1654,85.9906,86.0915,35.3944,50.097,69.2472,79.3139,78.1693,54.2557,16.3389,31.6959,11.8221,,,18.1319,,7.57538,13.7498,14.2971
Q99685,140.561,140.945,122.489,122.311,148.275,153.895,110.289,100.521,127.662,129.075,131.531,150.191,147.365,126.598,109.293,129.159,102.251,57.9874,76.1078,117.884,76.4451,91.8154,78.1165,93.5654
Q99704,43.7367,56.958,46.2432,49.5353,60.1127,45.9324,41.2226,32.2246,50.0244,47.9053,26.7595,31.4727,34.0258,32.9629,33.1887,33.1544,62.2926,130.438,99.3534,60.879,57.6971,64.5525,67.495,60.8648
Q99829,49.5386,51.999,60.0876,73.1787,61.3358,61.4971,46.1874,50.1334,63.6273,76.918,49.3302,51.2413,58.9427,53.5709,64.5042,45.2651,49.4689,38.0878,44.7631,43.5706,39.0496,45.3257,45.7662,48.0771
Q99941,,25.6496,54.3937,60.5235,,69.8953,52.3095,81.2821,58.8215,90.8953,66.9829,61.8884,80.5458,56.8305,46.6887,51.7628,34.8311,,,40.326,14.7812,16.0058,25.1087,18.8531
Q9BPX6,84.8668,91.459,61.4897,38.3875,88.969,67.8783,53.2587,56.1623,71.878,83.2651,29.2428,16.6695,39.8606,9.97362,44.8008,68.4972,112.854,110.969,112.365,110.132,76.513,111.019,97.1727,95.8602
Q9BRX2,56.7421,38.9697,91.6053,96.7137,60.4123,96.0978,87.0163,125.421,43.316,52.8433,68.317,65.0383,74.4988,71.3618,60.7743,56.1592,24.0187,44.8302,24.6792,48.7206,,15.413,29.7203,13.616
Q9BV44,33.7649,64.8969,71.2655,68.2272,69.5492,75.3393,73.0986,64.1042,70.2303,79.7994,59.07,61.4677,51.288,65.3686,44.3901,51.5593,36.9605,23.1827,33.0938,39.0413,41.6779,38.2631,23.4656,35.9042
Q9BW72,164.914,182.854,,8.46431,128.163,,4.25085,,124.932,67.3365,38.2989,24.6004,38.053,27.2642,560.768,74.2278,485.361,1112.29,845.21,157.244,749.816,475.633,963.14,535.242
Q9BXP2,85.4611,97.1802,58.6411,48.7079,69.1585,72.4098,36.5481,44.5896,99.0302,61.9146,48.0158,56.8359,44.7781,34.6736,121.267,66.0731,132.974,156.658,128.103,103.989,144.861,121.377,166.387,126.846
Q9BYD6,53.7275,63.4117,63.8423,59.8175,43.1516,58.4342,46.6477,39.214,53.8073,51.8415,50.7663,66.0751,59.8909,57.0541,52.6992,56.1734,71.9302,139.778,128.749,78.3822,80.7065,78.5976,73.9651,90.3134
Q9H1E3,35.053,33.2515,35.136,34.6314,30.1643,33.7489,41.8686,40.3212,37.1956,32.1303,42.0042,40.1601,32.8679,31.7859,25.9096,31.789,43.4976,60.0268,50.1678,52.7505,54.1285,58.4593,54.7283,50.3227
Q9H2I8,48.5797,37.5902,92.5269,105.164,65.0058,57.7444,82.5108,67.1035,22.3519,15.8109,66.7332,84.5889,73.4431,92.9669,43.6756,41.3516,11.4922,,,22.1468,,4.53679,,5.6367
Q9H307,99.8591,122.037,116.491,126.322,110.52,127.437,130.91,114.525,117.762,117.001,124.928,117.376,123.808,122.252,119.239,119.774,129.004,135.759,129.004,123.129,137.406,130.688,132.269,119.583
Q9H3U1,86.2908,72.1433,78.1734,77.2983,68.661,73.1331,76.2608,79.9523,63.7344,74.5406,81.9309,75.2553,73.6252,67.5041,71.5032,66.1663,65.3966,65.4314,60.4527,63.5825,60.3258,63.3137,57.7541,64.185
Q9H832,,167.858,127.292,151.031,189.236,192.354,187.297,147.066,163.177,129.091,120.377,153.505,152.409,124.081,,213.42,263.178,441.519,344.685,256.505,149.117,308.992,295.139,180.209
Q9H840,92.6575,176.636,80.4357,79.0869,143.765,81.072,104.169,74.0817,90.3747,64.0778,64.9423,81.2042,84.8296,49.8751,130.947,101.754,212.477,444.491,375.29,143.417,233.475,249.447,355.669,247.004
Q9H8L6,172.933,158.762,195,170.689,140.864,160.339,192.321,176.255,114.98,135.017,134.476,130.797,138.643,128.296,115.08,138.777,119.391,112.629,106.77,113.553,113.657,117.115,97.6492,108.91
Q9HCG8,77.9015,86.1045,66.9549,77.8651,65.5874,71.9322,89.1639,90.1709,62.8407,60.7908,68.9981,68.9986,56.648,61.2734,49.0307,63.8435,89.667,167.748,110.019,89.6568,116.931,108.076,123.587,78.7518
Q9NNW5,92.1792,94.5492,81.3848,88.9856,72.9133,85.5916,98.1198,82.0304,90.2997,83.8775,93.4769,93.3304,90.9517,101.486,94.6625,90.6511,103.74,131.996,107.457,108.481,117.424,93.5923,105.9,99.2543
Q9NP77,105.42,131.01,176.42,112.563,101.36,138.642,114.148,146.131,86.8633,130.78,90.1158,84.9259,96.806,83.1192,72.3021,99.8523,29.042,,32.1897,28.6378,,20.8489,11.2446,19.4611
Q9NP92,44.6675,120.551,10.2745,17.0471,43.3928,10.6439,9.65945,5.02777,98.3237,58.1173,41.6061,36.0626,49.5197,36.3549,162.396,54.0787,291.226,541.526,486.712,147.008,322.366,274.656,311.6,337.568
Q9NQ88,166.563,152.235,157.024,148.089,129.124,154.254,163.662,158.417,159.429,150.196,169.85,162.475,149.714,162.272,157.604,161.164,190.443,188.453,182.142,152.504,189.058,185.943,192.722,186.601
Q9NVH0,41.8103,37.4794,39.4057,28.4448,16.3825,35.0323,31.0914,33.6554,50.3032,57.4336,47.9938,52.0811,43.2792,52.6053,60.0829,47.4029,57.6517,67.0158,69.0224,54.5023,70.6153,60.4099,58.1594,59.2679
Q9NX24,180.812,187.75,169.238,153.68,164.224,167.952,157.725,150.483,134.713,131.83,131.258,131.492,122.568,124.594,124.588,121.416,154.844,144.653,148.682,160.336,154.272,141.935,126.03,159.781
Q9NY61,19.8533,33.1612,20.388,20.8641,,15.6137,12.4482,13.9425,19.1277,12.3505,19.5543,19.1226,16.5658,18.7542,,25.3968,34.9731,86.4035,93.4163,40.0154,37.2044,22.3501,22.1039,53.1977
Q9NZL4,78.0488,81.4062,85.5872,70.6423,94.8973,77.89,87.1831,90.2915,51.2327,43.8894,57.7516,58.245,63.6911,56.144,56.2293,60.6438,66.6649,80.5725,87.4043,79.6387,72.0731,59.5933,69.7324,70.5127
Q9UBE0,88.1122,83.3722,90.0096,99.4179,103.241,103.461,92.0669,94.8898,87.4744,97.0902,106.904,99.1651,107.34,113.879,85.3441,101.335,82.8258,82.3386,79.3654,87.028,80.7732,75.6376,65.6933,88.8755
Q9UBT2,161.26,117.895,150.008,139.587,187.06,151.344,132.975,151.836,122.381,131.954,142.246,142.396,141.607,146.215,139.102,133.998,117.844,122.782,120.179,127.537,134.637,106.114,114.654,124.323
Q9UFG5,55.725,68.0852,64.4025,70.9207,64.6877,64.407,62.4837,63.5524,65.6385,57.467,46.9453,42.0384,59.5239,61.8587,66.8107,53.8108,86.5798,142.834,113.01,73.0738,72.8461,100.25,66.0477,80.846
Q9UGR2,81.788,104.58,183.84,152.549,73.2878,130.08,173.839,111.62,140.253,147.468,123.268,119.62,112.589,112.393,123.052,82.3275,77.0538,42.4104,28.3012,80.5195,29.8588,56.8826,48.9403,38.8049
Q9UKL0,209.428,176.847,143.892,176.835,119.365,156.989,184.218,154.606,94.6693,107.002,96.4127,109.424,118.343,97.306,100.347,111.353,124.175,127.823,112.575,118.346,125.968,121.318,120.947,118.445
Q9ULA0,104.84,127.969,104.761,119.209,112.081,114.344,87.7917,134.26,109.137,106.435,105.101,121.641,118.332,114.939,101.457,120.985,121.727,129.096,139.896,148.895,129.99,130.059,125.618,123.152
Q9UQB8,15.4633,20.7065,15.9808,9.36304,12.0543,15.5953,11.4904,2.33333,27.503,23.2506,18.5539,23.9785,28.2467,12.3583,17.4393,14.8926,56.0893,57.5129,61.1284,23.7674,29.2392,50.4726,35.6496,42.218
Q9Y287,29.2372,40.9453,90.6158,69.8036,54.4356,56.393,60.1472,67.6733,18.608,29.2841,52.8178,58.9224,40.6945,28.7035,24.9725,22.0478,1.9389,,,3.90638,,3.72545,11.7371,
Q9Y2D4,75.4131,50.8599,60.1188,61.3398,68.0484,60.0967,66.1894,55.3586,57.7328,57.9805,62.6213,60.7925,60.5205,61.0052,58.0926,61.1892,53.9485,51.0416,47.5813,56.6184,58.698,45.9134,44.39,47.7521
Q9Y2Q9,269.621,166.966,134.008,127.426,173.916,173.091,84.7757,158.183,170.669,233.317,184.578,144.987,157.475,194.208,321.482,156.479,122.97,76.5577,77.7066,76.2777,65.6009,115.942,165.591,144.04
Q9Y2T2,84.6998,84.7441,89.2438,78.2649,148.555,87.5064,83.7332,67.1274,76.0001,82.6812,83.0674,70.2186,71.617,92.9311,92.2617,70.388,61.8546,57.0897,60.7207,63.4104,66.96,67.5717,76.4674,62.3483
Q9Y394,63.9724,74.3851,36.0922,37.7038,48.0673,37.6356,36.4695,44.2574,83.1622,78.6872,70.2452,71.719,71.3994,72.6279,61.5888,64.6016,88.9737,92.5611,98.0047,89.5091,84.7739,86.1932,97.9934,79.8449
Q9Y3C0,173.486,236.67,170.588,166.105,216.809,178.306,187.192,154.278,171.971,140.557,164.225,188.894,181.095,141.639,160.504,207.457,308.579,1011.78,814.332,282.239,597.272,386.908,369.657,408.576
